<?xml version="1.0" encoding="UTF-8" ?>
<!DOCTYPE mapper PUBLIC "-//mybatis.org//DTD Mapper 3.0//EN" "http://mybatis.org/dtd/mybatis-3-mapper.dtd" >
<mapper namespace="com.fmbank.wangdai.cqpoquery.dao.ReportCollectionOverdueInfoMapper" >
  <resultMap id="BaseResultMap" type="com.fmbank.wangdai.cqpoquery.domain.ReportCollectionOverdueInfo" >
    <!--
      WARNING - @mbggenerated
      This element is automatically generated by MyBatis Generator, do not modify.
    -->
    <id column="ID" property="id" jdbcType="INTEGER" />
    <result column="SYSTIME" property="systime" jdbcType="TIMESTAMP" />
    <result column="STAT_DT" property="statDt" jdbcType="VARCHAR" />
    <result column="PRODUCT_TYPE_ONE" property="productTypeOne" jdbcType="VARCHAR" />
    <result column="PRODUCT_TYPE_THREE" property="productTypeThree" jdbcType="VARCHAR" />
    <result column="LOAN_START_DATE" property="loanStartDate" jdbcType="TIMESTAMP" />
    <result column="LOAN_AMOUNT" property="loanAmount" jdbcType="DECIMAL" />
    <result column="LOAN_APPLY_NO" property="loanApplyNo" jdbcType="VARCHAR" />
    <result column="OVERDUE_AMOUNT" property="overdueAmount" jdbcType="DECIMAL" />
    <result column="OVERDUE_PRINCIPAL" property="overduePrincipal" jdbcType="DECIMAL" />
    <result column="SURPLUS_PRINCIPAL" property="surplusPrincipal" jdbcType="DECIMAL" />
    <result column="SURPLUS_INTEREST" property="surplusInterest" jdbcType="DECIMAL" />
    <result column="OVERDUE_INTEREST" property="overdueInterest" jdbcType="DECIMAL" />
    <result column="OVERDUE_PENALTY" property="overduePenalty" jdbcType="DECIMAL" />
    <result column="OVERDUE_LATEFEE" property="overdueLatefee" jdbcType="DECIMAL" />
    <result column="REPAYMENT_PERIODS" property="repaymentPeriods" jdbcType="BIGINT" />
    <result column="EACH_REPAYMENTDAY" property="eachRepaymentday" jdbcType="TIMESTAMP" />
    <result column="EACH_REPAYMENTAMOUNT" property="eachRepaymentamount" jdbcType="DECIMAL" />
    <result column="OTHER_AMOUNT" property="otherAmount" jdbcType="DECIMAL" />
    <result column="OVERDUE_DATE" property="overdueDate" jdbcType="TIMESTAMP" />
    <result column="OVERDUE_PERIODS" property="overduePeriods" jdbcType="BIGINT" />
    <result column="OVERDUE_DAY" property="overdueDay" jdbcType="BIGINT" />
    <result column="REPAYMENT_AMOUNT" property="repaymentAmount" jdbcType="DECIMAL" />
    <result column="ALREADY_REPAYPERIODS" property="alreadyRepayperiods" jdbcType="BIGINT" />
    <result column="LATELY_REPAYMENTDAY" property="latelyRepaymentday" jdbcType="TIMESTAMP" />
    <result column="LATELY_REPAYMENTAMOUNT" property="latelyRepaymentamount" jdbcType="DECIMAL" />
    <result column="OVERDUE_MANAGEFEE" property="overdueManagefee" jdbcType="DECIMAL" />
    <result column="COMMISSION_RATE" property="commissionRate" jdbcType="DECIMAL" />
    <result column="CUSTOMER_REPAYMENT_BANK" property="customerRepaymentBank" jdbcType="VARCHAR" />
    <result column="CUSTOMER_REPAYMENT_CARDNO" property="customerRepaymentCardno" jdbcType="VARCHAR" />
    <result column="·CUSTOMER_NAME·" property="·customerName·" jdbcType="VARCHAR" />
    <result column="IDENTITY_NO" property="identityNo" jdbcType="VARCHAR" />
    <result column="MOBILE_NO" property="mobileNo" jdbcType="VARCHAR" />
    <result column="MARRIAGE_STATUS" property="marriageStatus" jdbcType="VARCHAR" />
    <result column="PROVINCE" property="province" jdbcType="VARCHAR" />
    <result column="CITY" property="city" jdbcType="VARCHAR" />
    <result column="HOMEADDRESS" property="homeaddress" jdbcType="VARCHAR" />
    <result column="HOMEPHONE" property="homephone" jdbcType="VARCHAR" />
    <result column="IDENTITY_REGISTER_ADDRESS" property="identityRegisterAddress" jdbcType="VARCHAR" />
    <result column="WORK_COMPANY_NAME" property="workCompanyName" jdbcType="VARCHAR" />
    <result column="WORK_COMPANY_ADDRESS" property="workCompanyAddress" jdbcType="VARCHAR" />
    <result column="WORK_COMPANY_PHONE" property="workCompanyPhone" jdbcType="VARCHAR" />
    <result column="REMARKS" property="remarks" jdbcType="VARCHAR" />
  </resultMap>
  <sql id="Base_Column_List" >
    <!--
      WARNING - @mbggenerated
      This element is automatically generated by MyBatis Generator, do not modify.
    -->
    ID, SYSTIME, STAT_DT, PRODUCT_TYPE_ONE, PRODUCT_TYPE_THREE, LOAN_START_DATE, LOAN_AMOUNT, 
    LOAN_APPLY_NO, OVERDUE_AMOUNT, OVERDUE_PRINCIPAL, SURPLUS_PRINCIPAL, SURPLUS_INTEREST, 
    OVERDUE_INTEREST, OVERDUE_PENALTY, OVERDUE_LATEFEE, REPAYMENT_PERIODS, EACH_REPAYMENTDAY, 
    EACH_REPAYMENTAMOUNT, OTHER_AMOUNT, OVERDUE_DATE, OVERDUE_PERIODS, OVERDUE_DAY, REPAYMENT_AMOUNT, 
    ALREADY_REPAYPERIODS, LATELY_REPAYMENTDAY, LATELY_REPAYMENTAMOUNT, OVERDUE_MANAGEFEE, 
    COMMISSION_RATE, CUSTOMER_REPAYMENT_BANK, CUSTOMER_REPAYMENT_CARDNO, ·CUSTOMER_NAME·, 
    IDENTITY_NO, MOBILE_NO, MARRIAGE_STATUS, PROVINCE, CITY, HOMEADDRESS, HOMEPHONE, 
    IDENTITY_REGISTER_ADDRESS, WORK_COMPANY_NAME, WORK_COMPANY_ADDRESS, WORK_COMPANY_PHONE, 
    REMARKS
  </sql>
  <select id="selectByPrimaryKey" resultMap="BaseResultMap" parameterType="java.lang.Integer" >
    <!--
      WARNING - @mbggenerated
      This element is automatically generated by MyBatis Generator, do not modify.
    -->
    select 
    <include refid="Base_Column_List" />
    from report_collection_overdue_info
    where ID = #{id,jdbcType=INTEGER}
  </select>
  <delete id="deleteByPrimaryKey" parameterType="java.lang.Integer" >
    <!--
      WARNING - @mbggenerated
      This element is automatically generated by MyBatis Generator, do not modify.
    -->
    delete from report_collection_overdue_info
    where ID = #{id,jdbcType=INTEGER}
  </delete>
  <insert id="insert" parameterType="com.fmbank.wangdai.cqpoquery.domain.ReportCollectionOverdueInfo" >
    <!--
      WARNING - @mbggenerated
      This element is automatically generated by MyBatis Generator, do not modify.
    -->
    insert into report_collection_overdue_info (ID, SYSTIME, STAT_DT, 
      PRODUCT_TYPE_ONE, PRODUCT_TYPE_THREE, LOAN_START_DATE, 
      LOAN_AMOUNT, LOAN_APPLY_NO, OVERDUE_AMOUNT, 
      OVERDUE_PRINCIPAL, SURPLUS_PRINCIPAL, SURPLUS_INTEREST, 
      OVERDUE_INTEREST, OVERDUE_PENALTY, OVERDUE_LATEFEE, 
      REPAYMENT_PERIODS, EACH_REPAYMENTDAY, EACH_REPAYMENTAMOUNT, 
      OTHER_AMOUNT, OVERDUE_DATE, OVERDUE_PERIODS, 
      OVERDUE_DAY, REPAYMENT_AMOUNT, ALREADY_REPAYPERIODS, 
      LATELY_REPAYMENTDAY, LATELY_REPAYMENTAMOUNT, 
      OVERDUE_MANAGEFEE, COMMISSION_RATE, CUSTOMER_REPAYMENT_BANK, 
      CUSTOMER_REPAYMENT_CARDNO, ·CUSTOMER_NAME·, 
      IDENTITY_NO, MOBILE_NO, MARRIAGE_STATUS, 
      PROVINCE, CITY, HOMEADDRESS, 
      HOMEPHONE, IDENTITY_REGISTER_ADDRESS, WORK_COMPANY_NAME, 
      WORK_COMPANY_ADDRESS, WORK_COMPANY_PHONE, REMARKS
      )
    values (#{id,jdbcType=INTEGER}, #{systime,jdbcType=TIMESTAMP}, #{statDt,jdbcType=VARCHAR}, 
      #{productTypeOne,jdbcType=VARCHAR}, #{productTypeThree,jdbcType=VARCHAR}, #{loanStartDate,jdbcType=TIMESTAMP}, 
      #{loanAmount,jdbcType=DECIMAL}, #{loanApplyNo,jdbcType=VARCHAR}, #{overdueAmount,jdbcType=DECIMAL}, 
      #{overduePrincipal,jdbcType=DECIMAL}, #{surplusPrincipal,jdbcType=DECIMAL}, #{surplusInterest,jdbcType=DECIMAL}, 
      #{overdueInterest,jdbcType=DECIMAL}, #{overduePenalty,jdbcType=DECIMAL}, #{overdueLatefee,jdbcType=DECIMAL}, 
      #{repaymentPeriods,jdbcType=BIGINT}, #{eachRepaymentday,jdbcType=TIMESTAMP}, #{eachRepaymentamount,jdbcType=DECIMAL}, 
      #{otherAmount,jdbcType=DECIMAL}, #{overdueDate,jdbcType=TIMESTAMP}, #{overduePeriods,jdbcType=BIGINT}, 
      #{overdueDay,jdbcType=BIGINT}, #{repaymentAmount,jdbcType=DECIMAL}, #{alreadyRepayperiods,jdbcType=BIGINT}, 
      #{latelyRepaymentday,jdbcType=TIMESTAMP}, #{latelyRepaymentamount,jdbcType=DECIMAL}, 
      #{overdueManagefee,jdbcType=DECIMAL}, #{commissionRate,jdbcType=DECIMAL}, #{customerRepaymentBank,jdbcType=VARCHAR}, 
      #{customerRepaymentCardno,jdbcType=VARCHAR}, #{·customerName·,jdbcType=VARCHAR}, 
      #{identityNo,jdbcType=VARCHAR}, #{mobileNo,jdbcType=VARCHAR}, #{marriageStatus,jdbcType=VARCHAR}, 
      #{province,jdbcType=VARCHAR}, #{city,jdbcType=VARCHAR}, #{homeaddress,jdbcType=VARCHAR}, 
      #{homephone,jdbcType=VARCHAR}, #{identityRegisterAddress,jdbcType=VARCHAR}, #{workCompanyName,jdbcType=VARCHAR}, 
      #{workCompanyAddress,jdbcType=VARCHAR}, #{workCompanyPhone,jdbcType=VARCHAR}, #{remarks,jdbcType=VARCHAR}
      )
  </insert>
  <insert id="insertSelective" parameterType="com.fmbank.wangdai.cqpoquery.domain.ReportCollectionOverdueInfo" >
    <!--
      WARNING - @mbggenerated
      This element is automatically generated by MyBatis Generator, do not modify.
    -->
    insert into report_collection_overdue_info
    <trim prefix="(" suffix=")" suffixOverrides="," >
      <if test="id != null" >
        ID,
      </if>
      <if test="systime != null" >
        SYSTIME,
      </if>
      <if test="statDt != null" >
        STAT_DT,
      </if>
      <if test="productTypeOne != null" >
        PRODUCT_TYPE_ONE,
      </if>
      <if test="productTypeThree != null" >
        PRODUCT_TYPE_THREE,
      </if>
      <if test="loanStartDate != null" >
        LOAN_START_DATE,
      </if>
      <if test="loanAmount != null" >
        LOAN_AMOUNT,
      </if>
      <if test="loanApplyNo != null" >
        LOAN_APPLY_NO,
      </if>
      <if test="overdueAmount != null" >
        OVERDUE_AMOUNT,
      </if>
      <if test="overduePrincipal != null" >
        OVERDUE_PRINCIPAL,
      </if>
      <if test="surplusPrincipal != null" >
        SURPLUS_PRINCIPAL,
      </if>
      <if test="surplusInterest != null" >
        SURPLUS_INTEREST,
      </if>
      <if test="overdueInterest != null" >
        OVERDUE_INTEREST,
      </if>
      <if test="overduePenalty != null" >
        OVERDUE_PENALTY,
      </if>
      <if test="overdueLatefee != null" >
        OVERDUE_LATEFEE,
      </if>
      <if test="repaymentPeriods != null" >
        REPAYMENT_PERIODS,
      </if>
      <if test="eachRepaymentday != null" >
        EACH_REPAYMENTDAY,
      </if>
      <if test="eachRepaymentamount != null" >
        EACH_REPAYMENTAMOUNT,
      </if>
      <if test="otherAmount != null" >
        OTHER_AMOUNT,
      </if>
      <if test="overdueDate != null" >
        OVERDUE_DATE,
      </if>
      <if test="overduePeriods != null" >
        OVERDUE_PERIODS,
      </if>
      <if test="overdueDay != null" >
        OVERDUE_DAY,
      </if>
      <if test="repaymentAmount != null" >
        REPAYMENT_AMOUNT,
      </if>
      <if test="alreadyRepayperiods != null" >
        ALREADY_REPAYPERIODS,
      </if>
      <if test="latelyRepaymentday != null" >
        LATELY_REPAYMENTDAY,
      </if>
      <if test="latelyRepaymentamount != null" >
        LATELY_REPAYMENTAMOUNT,
      </if>
      <if test="overdueManagefee != null" >
        OVERDUE_MANAGEFEE,
      </if>
      <if test="commissionRate != null" >
        COMMISSION_RATE,
      </if>
      <if test="customerRepaymentBank != null" >
        CUSTOMER_REPAYMENT_BANK,
      </if>
      <if test="customerRepaymentCardno != null" >
        CUSTOMER_REPAYMENT_CARDNO,
      </if>
      <if test="·customerName· != null" >
        ·CUSTOMER_NAME·,
      </if>
      <if test="identityNo != null" >
        IDENTITY_NO,
      </if>
      <if test="mobileNo != null" >
        MOBILE_NO,
      </if>
      <if test="marriageStatus != null" >
        MARRIAGE_STATUS,
      </if>
      <if test="province != null" >
        PROVINCE,
      </if>
      <if test="city != null" >
        CITY,
      </if>
      <if test="homeaddress != null" >
        HOMEADDRESS,
      </if>
      <if test="homephone != null" >
        HOMEPHONE,
      </if>
      <if test="identityRegisterAddress != null" >
        IDENTITY_REGISTER_ADDRESS,
      </if>
      <if test="workCompanyName != null" >
        WORK_COMPANY_NAME,
      </if>
      <if test="workCompanyAddress != null" >
        WORK_COMPANY_ADDRESS,
      </if>
      <if test="workCompanyPhone != null" >
        WORK_COMPANY_PHONE,
      </if>
      <if test="remarks != null" >
        REMARKS,
      </if>
    </trim>
    <trim prefix="values (" suffix=")" suffixOverrides="," >
      <if test="id != null" >
        #{id,jdbcType=INTEGER},
      </if>
      <if test="systime != null" >
        #{systime,jdbcType=TIMESTAMP},
      </if>
      <if test="statDt != null" >
        #{statDt,jdbcType=VARCHAR},
      </if>
      <if test="productTypeOne != null" >
        #{productTypeOne,jdbcType=VARCHAR},
      </if>
      <if test="productTypeThree != null" >
        #{productTypeThree,jdbcType=VARCHAR},
      </if>
      <if test="loanStartDate != null" >
        #{loanStartDate,jdbcType=TIMESTAMP},
      </if>
      <if test="loanAmount != null" >
        #{loanAmount,jdbcType=DECIMAL},
      </if>
      <if test="loanApplyNo != null" >
        #{loanApplyNo,jdbcType=VARCHAR},
      </if>
      <if test="overdueAmount != null" >
        #{overdueAmount,jdbcType=DECIMAL},
      </if>
      <if test="overduePrincipal != null" >
        #{overduePrincipal,jdbcType=DECIMAL},
      </if>
      <if test="surplusPrincipal != null" >
        #{surplusPrincipal,jdbcType=DECIMAL},
      </if>
      <if test="surplusInterest != null" >
        #{surplusInterest,jdbcType=DECIMAL},
      </if>
      <if test="overdueInterest != null" >
        #{overdueInterest,jdbcType=DECIMAL},
      </if>
      <if test="overduePenalty != null" >
        #{overduePenalty,jdbcType=DECIMAL},
      </if>
      <if test="overdueLatefee != null" >
        #{overdueLatefee,jdbcType=DECIMAL},
      </if>
      <if test="repaymentPeriods != null" >
        #{repaymentPeriods,jdbcType=BIGINT},
      </if>
      <if test="eachRepaymentday != null" >
        #{eachRepaymentday,jdbcType=TIMESTAMP},
      </if>
      <if test="eachRepaymentamount != null" >
        #{eachRepaymentamount,jdbcType=DECIMAL},
      </if>
      <if test="otherAmount != null" >
        #{otherAmount,jdbcType=DECIMAL},
      </if>
      <if test="overdueDate != null" >
        #{overdueDate,jdbcType=TIMESTAMP},
      </if>
      <if test="overduePeriods != null" >
        #{overduePeriods,jdbcType=BIGINT},
      </if>
      <if test="overdueDay != null" >
        #{overdueDay,jdbcType=BIGINT},
      </if>
      <if test="repaymentAmount != null" >
        #{repaymentAmount,jdbcType=DECIMAL},
      </if>
      <if test="alreadyRepayperiods != null" >
        #{alreadyRepayperiods,jdbcType=BIGINT},
      </if>
      <if test="latelyRepaymentday != null" >
        #{latelyRepaymentday,jdbcType=TIMESTAMP},
      </if>
      <if test="latelyRepaymentamount != null" >
        #{latelyRepaymentamount,jdbcType=DECIMAL},
      </if>
      <if test="overdueManagefee != null" >
        #{overdueManagefee,jdbcType=DECIMAL},
      </if>
      <if test="commissionRate != null" >
        #{commissionRate,jdbcType=DECIMAL},
      </if>
      <if test="customerRepaymentBank != null" >
        #{customerRepaymentBank,jdbcType=VARCHAR},
      </if>
      <if test="customerRepaymentCardno != null" >
        #{customerRepaymentCardno,jdbcType=VARCHAR},
      </if>
      <if test="·customerName· != null" >
        #{·customerName·,jdbcType=VARCHAR},
      </if>
      <if test="identityNo != null" >
        #{identityNo,jdbcType=VARCHAR},
      </if>
      <if test="mobileNo != null" >
        #{mobileNo,jdbcType=VARCHAR},
      </if>
      <if test="marriageStatus != null" >
        #{marriageStatus,jdbcType=VARCHAR},
      </if>
      <if test="province != null" >
        #{province,jdbcType=VARCHAR},
      </if>
      <if test="city != null" >
        #{city,jdbcType=VARCHAR},
      </if>
      <if test="homeaddress != null" >
        #{homeaddress,jdbcType=VARCHAR},
      </if>
      <if test="homephone != null" >
        #{homephone,jdbcType=VARCHAR},
      </if>
      <if test="identityRegisterAddress != null" >
        #{identityRegisterAddress,jdbcType=VARCHAR},
      </if>
      <if test="workCompanyName != null" >
        #{workCompanyName,jdbcType=VARCHAR},
      </if>
      <if test="workCompanyAddress != null" >
        #{workCompanyAddress,jdbcType=VARCHAR},
      </if>
      <if test="workCompanyPhone != null" >
        #{workCompanyPhone,jdbcType=VARCHAR},
      </if>
      <if test="remarks != null" >
        #{remarks,jdbcType=VARCHAR},
      </if>
    </trim>
  </insert>
  <update id="updateByPrimaryKeySelective" parameterType="com.fmbank.wangdai.cqpoquery.domain.ReportCollectionOverdueInfo" >
    <!--
      WARNING - @mbggenerated
      This element is automatically generated by MyBatis Generator, do not modify.
    -->
    update report_collection_overdue_info
    <set >
      <if test="systime != null" >
        SYSTIME = #{systime,jdbcType=TIMESTAMP},
      </if>
      <if test="statDt != null" >
        STAT_DT = #{statDt,jdbcType=VARCHAR},
      </if>
      <if test="productTypeOne != null" >
        PRODUCT_TYPE_ONE = #{productTypeOne,jdbcType=VARCHAR},
      </if>
      <if test="productTypeThree != null" >
        PRODUCT_TYPE_THREE = #{productTypeThree,jdbcType=VARCHAR},
      </if>
      <if test="loanStartDate != null" >
        LOAN_START_DATE = #{loanStartDate,jdbcType=TIMESTAMP},
      </if>
      <if test="loanAmount != null" >
        LOAN_AMOUNT = #{loanAmount,jdbcType=DECIMAL},
      </if>
      <if test="loanApplyNo != null" >
        LOAN_APPLY_NO = #{loanApplyNo,jdbcType=VARCHAR},
      </if>
      <if test="overdueAmount != null" >
        OVERDUE_AMOUNT = #{overdueAmount,jdbcType=DECIMAL},
      </if>
      <if test="overduePrincipal != null" >
        OVERDUE_PRINCIPAL = #{overduePrincipal,jdbcType=DECIMAL},
      </if>
      <if test="surplusPrincipal != null" >
        SURPLUS_PRINCIPAL = #{surplusPrincipal,jdbcType=DECIMAL},
      </if>
      <if test="surplusInterest != null" >
        SURPLUS_INTEREST = #{surplusInterest,jdbcType=DECIMAL},
      </if>
      <if test="overdueInterest != null" >
        OVERDUE_INTEREST = #{overdueInterest,jdbcType=DECIMAL},
      </if>
      <if test="overduePenalty != null" >
        OVERDUE_PENALTY = #{overduePenalty,jdbcType=DECIMAL},
      </if>
      <if test="overdueLatefee != null" >
        OVERDUE_LATEFEE = #{overdueLatefee,jdbcType=DECIMAL},
      </if>
      <if test="repaymentPeriods != null" >
        REPAYMENT_PERIODS = #{repaymentPeriods,jdbcType=BIGINT},
      </if>
      <if test="eachRepaymentday != null" >
        EACH_REPAYMENTDAY = #{eachRepaymentday,jdbcType=TIMESTAMP},
      </if>
      <if test="eachRepaymentamount != null" >
        EACH_REPAYMENTAMOUNT = #{eachRepaymentamount,jdbcType=DECIMAL},
      </if>
      <if test="otherAmount != null" >
        OTHER_AMOUNT = #{otherAmount,jdbcType=DECIMAL},
      </if>
      <if test="overdueDate != null" >
        OVERDUE_DATE = #{overdueDate,jdbcType=TIMESTAMP},
      </if>
      <if test="overduePeriods != null" >
        OVERDUE_PERIODS = #{overduePeriods,jdbcType=BIGINT},
      </if>
      <if test="overdueDay != null" >
        OVERDUE_DAY = #{overdueDay,jdbcType=BIGINT},
      </if>
      <if test="repaymentAmount != null" >
        REPAYMENT_AMOUNT = #{repaymentAmount,jdbcType=DECIMAL},
      </if>
      <if test="alreadyRepayperiods != null" >
        ALREADY_REPAYPERIODS = #{alreadyRepayperiods,jdbcType=BIGINT},
      </if>
      <if test="latelyRepaymentday != null" >
        LATELY_REPAYMENTDAY = #{latelyRepaymentday,jdbcType=TIMESTAMP},
      </if>
      <if test="latelyRepaymentamount != null" >
        LATELY_REPAYMENTAMOUNT = #{latelyRepaymentamount,jdbcType=DECIMAL},
      </if>
      <if test="overdueManagefee != null" >
        OVERDUE_MANAGEFEE = #{overdueManagefee,jdbcType=DECIMAL},
      </if>
      <if test="commissionRate != null" >
        COMMISSION_RATE = #{commissionRate,jdbcType=DECIMAL},
      </if>
      <if test="customerRepaymentBank != null" >
        CUSTOMER_REPAYMENT_BANK = #{customerRepaymentBank,jdbcType=VARCHAR},
      </if>
      <if test="customerRepaymentCardno != null" >
        CUSTOMER_REPAYMENT_CARDNO = #{customerRepaymentCardno,jdbcType=VARCHAR},
      </if>
      <if test="·customerName· != null" >
        ·CUSTOMER_NAME· = #{·customerName·,jdbcType=VARCHAR},
      </if>
      <if test="identityNo != null" >
        IDENTITY_NO = #{identityNo,jdbcType=VARCHAR},
      </if>
      <if test="mobileNo != null" >
        MOBILE_NO = #{mobileNo,jdbcType=VARCHAR},
      </if>
      <if test="marriageStatus != null" >
        MARRIAGE_STATUS = #{marriageStatus,jdbcType=VARCHAR},
      </if>
      <if test="province != null" >
        PROVINCE = #{province,jdbcType=VARCHAR},
      </if>
      <if test="city != null" >
        CITY = #{city,jdbcType=VARCHAR},
      </if>
      <if test="homeaddress != null" >
        HOMEADDRESS = #{homeaddress,jdbcType=VARCHAR},
      </if>
      <if test="homephone != null" >
        HOMEPHONE = #{homephone,jdbcType=VARCHAR},
      </if>
      <if test="identityRegisterAddress != null" >
        IDENTITY_REGISTER_ADDRESS = #{identityRegisterAddress,jdbcType=VARCHAR},
      </if>
      <if test="workCompanyName != null" >
        WORK_COMPANY_NAME = #{workCompanyName,jdbcType=VARCHAR},
      </if>
      <if test="workCompanyAddress != null" >
        WORK_COMPANY_ADDRESS = #{workCompanyAddress,jdbcType=VARCHAR},
      </if>
      <if test="workCompanyPhone != null" >
        WORK_COMPANY_PHONE = #{workCompanyPhone,jdbcType=VARCHAR},
      </if>
      <if test="remarks != null" >
        REMARKS = #{remarks,jdbcType=VARCHAR},
      </if>
    </set>
    where ID = #{id,jdbcType=INTEGER}
  </update>
  <update id="updateByPrimaryKey" parameterType="com.fmbank.wangdai.cqpoquery.domain.ReportCollectionOverdueInfo" >
    <!--
      WARNING - @mbggenerated
      This element is automatically generated by MyBatis Generator, do not modify.
    -->
    update report_collection_overdue_info
    set SYSTIME = #{systime,jdbcType=TIMESTAMP},
      STAT_DT = #{statDt,jdbcType=VARCHAR},
      PRODUCT_TYPE_ONE = #{productTypeOne,jdbcType=VARCHAR},
      PRODUCT_TYPE_THREE = #{productTypeThree,jdbcType=VARCHAR},
      LOAN_START_DATE = #{loanStartDate,jdbcType=TIMESTAMP},
      LOAN_AMOUNT = #{loanAmount,jdbcType=DECIMAL},
      LOAN_APPLY_NO = #{loanApplyNo,jdbcType=VARCHAR},
      OVERDUE_AMOUNT = #{overdueAmount,jdbcType=DECIMAL},
      OVERDUE_PRINCIPAL = #{overduePrincipal,jdbcType=DECIMAL},
      SURPLUS_PRINCIPAL = #{surplusPrincipal,jdbcType=DECIMAL},
      SURPLUS_INTEREST = #{surplusInterest,jdbcType=DECIMAL},
      OVERDUE_INTEREST = #{overdueInterest,jdbcType=DECIMAL},
      OVERDUE_PENALTY = #{overduePenalty,jdbcType=DECIMAL},
      OVERDUE_LATEFEE = #{overdueLatefee,jdbcType=DECIMAL},
      REPAYMENT_PERIODS = #{repaymentPeriods,jdbcType=BIGINT},
      EACH_REPAYMENTDAY = #{eachRepaymentday,jdbcType=TIMESTAMP},
      EACH_REPAYMENTAMOUNT = #{eachRepaymentamount,jdbcType=DECIMAL},
      OTHER_AMOUNT = #{otherAmount,jdbcType=DECIMAL},
      OVERDUE_DATE = #{overdueDate,jdbcType=TIMESTAMP},
      OVERDUE_PERIODS = #{overduePeriods,jdbcType=BIGINT},
      OVERDUE_DAY = #{overdueDay,jdbcType=BIGINT},
      REPAYMENT_AMOUNT = #{repaymentAmount,jdbcType=DECIMAL},
      ALREADY_REPAYPERIODS = #{alreadyRepayperiods,jdbcType=BIGINT},
      LATELY_REPAYMENTDAY = #{latelyRepaymentday,jdbcType=TIMESTAMP},
      LATELY_REPAYMENTAMOUNT = #{latelyRepaymentamount,jdbcType=DECIMAL},
      OVERDUE_MANAGEFEE = #{overdueManagefee,jdbcType=DECIMAL},
      COMMISSION_RATE = #{commissionRate,jdbcType=DECIMAL},
      CUSTOMER_REPAYMENT_BANK = #{customerRepaymentBank,jdbcType=VARCHAR},
      CUSTOMER_REPAYMENT_CARDNO = #{customerRepaymentCardno,jdbcType=VARCHAR},
      ·CUSTOMER_NAME· = #{·customerName·,jdbcType=VARCHAR},
      IDENTITY_NO = #{identityNo,jdbcType=VARCHAR},
      MOBILE_NO = #{mobileNo,jdbcType=VARCHAR},
      MARRIAGE_STATUS = #{marriageStatus,jdbcType=VARCHAR},
      PROVINCE = #{province,jdbcType=VARCHAR},
      CITY = #{city,jdbcType=VARCHAR},
      HOMEADDRESS = #{homeaddress,jdbcType=VARCHAR},
      HOMEPHONE = #{homephone,jdbcType=VARCHAR},
      IDENTITY_REGISTER_ADDRESS = #{identityRegisterAddress,jdbcType=VARCHAR},
      WORK_COMPANY_NAME = #{workCompanyName,jdbcType=VARCHAR},
      WORK_COMPANY_ADDRESS = #{workCompanyAddress,jdbcType=VARCHAR},
      WORK_COMPANY_PHONE = #{workCompanyPhone,jdbcType=VARCHAR},
      REMARKS = #{remarks,jdbcType=VARCHAR}
    where ID = #{id,jdbcType=INTEGER}
  </update>
</mapper>