<?xml version="1.0" encoding="UTF-8" ?>
<!DOCTYPE mapper PUBLIC "-//mybatis.org//DTD Mapper 3.0//EN" "http://mybatis.org/dtd/mybatis-3-mapper.dtd" >
<mapper namespace="com.fmbank.wangdai.cqpoquery.dao.ReportCollectionOverdueContactsInfoMapper" >
  <resultMap id="BaseResultMap" type="com.fmbank.wangdai.cqpoquery.domain.ReportCollectionOverdueContactsInfo" >
    <!--
      WARNING - @mbggenerated
      This element is automatically generated by MyBatis Generator, do not modify.
    -->
    <id column="ID" property="id" jdbcType="INTEGER" />
    <result column="SYSTIME" property="systime" jdbcType="TIMESTAMP" />
    <result column="STAT_DT" property="statDt" jdbcType="VARCHAR" />
    <result column="BOOKED_BILL_ID" property="bookedBillId" jdbcType="VARCHAR" />
    <result column="CONTACTS_NAME" property="contactsName" jdbcType="VARCHAR" />
    <result column="CONTACTS_RELATION" property="contactsRelation" jdbcType="VARCHAR" />
    <result column="CONTACTS_WORK_COMPANY" property="contactsWorkCompany" jdbcType="VARCHAR" />
    <result column="CONTACTS_WORK_PHONE" property="contactsWorkPhone" jdbcType="VARCHAR" />
    <result column="CONTACTS_MOBILE_PHONE" property="contactsMobilePhone" jdbcType="VARCHAR" />
    <result column="CONTACTS_HOME_PHONE" property="contactsHomePhone" jdbcType="VARCHAR" />
    <result column="CONTACTS_LIVE_ADDRESS" property="contactsLiveAddress" jdbcType="VARCHAR" />
  </resultMap>
  <sql id="Base_Column_List" >
    <!--
      WARNING - @mbggenerated
      This element is automatically generated by MyBatis Generator, do not modify.
    -->
    ID, SYSTIME, STAT_DT, BOOKED_BILL_ID, CONTACTS_NAME, CONTACTS_RELATION, CONTACTS_WORK_COMPANY, 
    CONTACTS_WORK_PHONE, CONTACTS_MOBILE_PHONE, CONTACTS_HOME_PHONE, CONTACTS_LIVE_ADDRESS
  </sql>
  <select id="selectByPrimaryKey" resultMap="BaseResultMap" parameterType="java.lang.Integer" >
    <!--
      WARNING - @mbggenerated
      This element is automatically generated by MyBatis Generator, do not modify.
    -->
    select 
    <include refid="Base_Column_List" />
    from report_collection_overdue_contacts_info
    where ID = #{id,jdbcType=INTEGER}
  </select>
  <delete id="deleteByPrimaryKey" parameterType="java.lang.Integer" >
    <!--
      WARNING - @mbggenerated
      This element is automatically generated by MyBatis Generator, do not modify.
    -->
    delete from report_collection_overdue_contacts_info
    where ID = #{id,jdbcType=INTEGER}
  </delete>
  <insert id="insert" parameterType="com.fmbank.wangdai.cqpoquery.domain.ReportCollectionOverdueContactsInfo" >
    <!--
      WARNING - @mbggenerated
      This element is automatically generated by MyBatis Generator, do not modify.
    -->
    insert into report_collection_overdue_contacts_info (ID, SYSTIME, STAT_DT, 
      BOOKED_BILL_ID, CONTACTS_NAME, CONTACTS_RELATION, 
      CONTACTS_WORK_COMPANY, CONTACTS_WORK_PHONE, 
      CONTACTS_MOBILE_PHONE, CONTACTS_HOME_PHONE, 
      CONTACTS_LIVE_ADDRESS)
    values (#{id,jdbcType=INTEGER}, #{systime,jdbcType=TIMESTAMP}, #{statDt,jdbcType=VARCHAR}, 
      #{bookedBillId,jdbcType=VARCHAR}, #{contactsName,jdbcType=VARCHAR}, #{contactsRelation,jdbcType=VARCHAR}, 
      #{contactsWorkCompany,jdbcType=VARCHAR}, #{contactsWorkPhone,jdbcType=VARCHAR}, 
      #{contactsMobilePhone,jdbcType=VARCHAR}, #{contactsHomePhone,jdbcType=VARCHAR}, 
      #{contactsLiveAddress,jdbcType=VARCHAR})
  </insert>
  <insert id="insertSelective" parameterType="com.fmbank.wangdai.cqpoquery.domain.ReportCollectionOverdueContactsInfo" >
    <!--
      WARNING - @mbggenerated
      This element is automatically generated by MyBatis Generator, do not modify.
    -->
    insert into report_collection_overdue_contacts_info
    <trim prefix="(" suffix=")" suffixOverrides="," >
      <if test="id != null" >
        ID,
      </if>
      <if test="systime != null" >
        SYSTIME,
      </if>
      <if test="statDt != null" >
        STAT_DT,
      </if>
      <if test="bookedBillId != null" >
        BOOKED_BILL_ID,
      </if>
      <if test="contactsName != null" >
        CONTACTS_NAME,
      </if>
      <if test="contactsRelation != null" >
        CONTACTS_RELATION,
      </if>
      <if test="contactsWorkCompany != null" >
        CONTACTS_WORK_COMPANY,
      </if>
      <if test="contactsWorkPhone != null" >
        CONTACTS_WORK_PHONE,
      </if>
      <if test="contactsMobilePhone != null" >
        CONTACTS_MOBILE_PHONE,
      </if>
      <if test="contactsHomePhone != null" >
        CONTACTS_HOME_PHONE,
      </if>
      <if test="contactsLiveAddress != null" >
        CONTACTS_LIVE_ADDRESS,
      </if>
    </trim>
    <trim prefix="values (" suffix=")" suffixOverrides="," >
      <if test="id != null" >
        #{id,jdbcType=INTEGER},
      </if>
      <if test="systime != null" >
        #{systime,jdbcType=TIMESTAMP},
      </if>
      <if test="statDt != null" >
        #{statDt,jdbcType=VARCHAR},
      </if>
      <if test="bookedBillId != null" >
        #{bookedBillId,jdbcType=VARCHAR},
      </if>
      <if test="contactsName != null" >
        #{contactsName,jdbcType=VARCHAR},
      </if>
      <if test="contactsRelation != null" >
        #{contactsRelation,jdbcType=VARCHAR},
      </if>
      <if test="contactsWorkCompany != null" >
        #{contactsWorkCompany,jdbcType=VARCHAR},
      </if>
      <if test="contactsWorkPhone != null" >
        #{contactsWorkPhone,jdbcType=VARCHAR},
      </if>
      <if test="contactsMobilePhone != null" >
        #{contactsMobilePhone,jdbcType=VARCHAR},
      </if>
      <if test="contactsHomePhone != null" >
        #{contactsHomePhone,jdbcType=VARCHAR},
      </if>
      <if test="contactsLiveAddress != null" >
        #{contactsLiveAddress,jdbcType=VARCHAR},
      </if>
    </trim>
  </insert>
  <update id="updateByPrimaryKeySelective" parameterType="com.fmbank.wangdai.cqpoquery.domain.ReportCollectionOverdueContactsInfo" >
    <!--
      WARNING - @mbggenerated
      This element is automatically generated by MyBatis Generator, do not modify.
    -->
    update report_collection_overdue_contacts_info
    <set >
      <if test="systime != null" >
        SYSTIME = #{systime,jdbcType=TIMESTAMP},
      </if>
      <if test="statDt != null" >
        STAT_DT = #{statDt,jdbcType=VARCHAR},
      </if>
      <if test="bookedBillId != null" >
        BOOKED_BILL_ID = #{bookedBillId,jdbcType=VARCHAR},
      </if>
      <if test="contactsName != null" >
        CONTACTS_NAME = #{contactsName,jdbcType=VARCHAR},
      </if>
      <if test="contactsRelation != null" >
        CONTACTS_RELATION = #{contactsRelation,jdbcType=VARCHAR},
      </if>
      <if test="contactsWorkCompany != null" >
        CONTACTS_WORK_COMPANY = #{contactsWorkCompany,jdbcType=VARCHAR},
      </if>
      <if test="contactsWorkPhone != null" >
        CONTACTS_WORK_PHONE = #{contactsWorkPhone,jdbcType=VARCHAR},
      </if>
      <if test="contactsMobilePhone != null" >
        CONTACTS_MOBILE_PHONE = #{contactsMobilePhone,jdbcType=VARCHAR},
      </if>
      <if test="contactsHomePhone != null" >
        CONTACTS_HOME_PHONE = #{contactsHomePhone,jdbcType=VARCHAR},
      </if>
      <if test="contactsLiveAddress != null" >
        CONTACTS_LIVE_ADDRESS = #{contactsLiveAddress,jdbcType=VARCHAR},
      </if>
    </set>
    where ID = #{id,jdbcType=INTEGER}
  </update>
  <update id="updateByPrimaryKey" parameterType="com.fmbank.wangdai.cqpoquery.domain.ReportCollectionOverdueContactsInfo" >
    <!--
      WARNING - @mbggenerated
      This element is automatically generated by MyBatis Generator, do not modify.
    -->
    update report_collection_overdue_contacts_info
    set SYSTIME = #{systime,jdbcType=TIMESTAMP},
      STAT_DT = #{statDt,jdbcType=VARCHAR},
      BOOKED_BILL_ID = #{bookedBillId,jdbcType=VARCHAR},
      CONTACTS_NAME = #{contactsName,jdbcType=VARCHAR},
      CONTACTS_RELATION = #{contactsRelation,jdbcType=VARCHAR},
      CONTACTS_WORK_COMPANY = #{contactsWorkCompany,jdbcType=VARCHAR},
      CONTACTS_WORK_PHONE = #{contactsWorkPhone,jdbcType=VARCHAR},
      CONTACTS_MOBILE_PHONE = #{contactsMobilePhone,jdbcType=VARCHAR},
      CONTACTS_HOME_PHONE = #{contactsHomePhone,jdbcType=VARCHAR},
      CONTACTS_LIVE_ADDRESS = #{contactsLiveAddress,jdbcType=VARCHAR}
    where ID = #{id,jdbcType=INTEGER}
  </update>
</mapper>