<?xml version="1.0" encoding="UTF-8" ?>
<!DOCTYPE mapper PUBLIC "-//mybatis.org//DTD Mapper 3.0//EN" "http://mybatis.org/dtd/mybatis-3-mapper.dtd" >
<mapper namespace="com.fmbank.wangdai.cqpoquery.dao.ReportCollectionOverdueEnclosureInfoMapper" >
  <resultMap id="BaseResultMap" type="com.fmbank.wangdai.cqpoquery.domain.ReportCollectionOverdueEnclosureInfo" >
    <!--
      WARNING - @mbggenerated
      This element is automatically generated by MyBatis Generator, do not modify.
    -->
    <id column="ID" property="id" jdbcType="INTEGER" />
    <result column="SYSTIME" property="systime" jdbcType="TIMESTAMP" />
    <result column="STAT_DT" property="statDt" jdbcType="VARCHAR" />
    <result column="BOOKED_BILL_ID" property="bookedBillId" jdbcType="VARCHAR" />
    <result column="FILE_TYPE" property="fileType" jdbcType="VARCHAR" />
    <result column="FILE_KIND" property="fileKind" jdbcType="VARCHAR" />
    <result column="FILE_NAME" property="fileName" jdbcType="VARCHAR" />
    <result column="FILE_URL" property="fileUrl" jdbcType="VARCHAR" />
  </resultMap>
  <sql id="Base_Column_List" >
    <!--
      WARNING - @mbggenerated
      This element is automatically generated by MyBatis Generator, do not modify.
    -->
    ID, SYSTIME, STAT_DT, BOOKED_BILL_ID, FILE_TYPE, FILE_KIND, FILE_NAME, FILE_URL
  </sql>
  <select id="selectByPrimaryKey" resultMap="BaseResultMap" parameterType="java.lang.Integer" >
    <!--
      WARNING - @mbggenerated
      This element is automatically generated by MyBatis Generator, do not modify.
    -->
    select 
    <include refid="Base_Column_List" />
    from report_collection_overdue_enclosure_info
    where ID = #{id,jdbcType=INTEGER}
  </select>
  <delete id="deleteByPrimaryKey" parameterType="java.lang.Integer" >
    <!--
      WARNING - @mbggenerated
      This element is automatically generated by MyBatis Generator, do not modify.
    -->
    delete from report_collection_overdue_enclosure_info
    where ID = #{id,jdbcType=INTEGER}
  </delete>
  <insert id="insert" parameterType="com.fmbank.wangdai.cqpoquery.domain.ReportCollectionOverdueEnclosureInfo" >
    <!--
      WARNING - @mbggenerated
      This element is automatically generated by MyBatis Generator, do not modify.
    -->
    insert into report_collection_overdue_enclosure_info (ID, SYSTIME, STAT_DT, 
      BOOKED_BILL_ID, FILE_TYPE, FILE_KIND, 
      FILE_NAME, FILE_URL)
    values (#{id,jdbcType=INTEGER}, #{systime,jdbcType=TIMESTAMP}, #{statDt,jdbcType=VARCHAR}, 
      #{bookedBillId,jdbcType=VARCHAR}, #{fileType,jdbcType=VARCHAR}, #{fileKind,jdbcType=VARCHAR}, 
      #{fileName,jdbcType=VARCHAR}, #{fileUrl,jdbcType=VARCHAR})
  </insert>
  <insert id="insertSelective" parameterType="com.fmbank.wangdai.cqpoquery.domain.ReportCollectionOverdueEnclosureInfo" >
    <!--
      WARNING - @mbggenerated
      This element is automatically generated by MyBatis Generator, do not modify.
    -->
    insert into report_collection_overdue_enclosure_info
    <trim prefix="(" suffix=")" suffixOverrides="," >
      <if test="id != null" >
        ID,
      </if>
      <if test="systime != null" >
        SYSTIME,
      </if>
      <if test="statDt != null" >
        STAT_DT,
      </if>
      <if test="bookedBillId != null" >
        BOOKED_BILL_ID,
      </if>
      <if test="fileType != null" >
        FILE_TYPE,
      </if>
      <if test="fileKind != null" >
        FILE_KIND,
      </if>
      <if test="fileName != null" >
        FILE_NAME,
      </if>
      <if test="fileUrl != null" >
        FILE_URL,
      </if>
    </trim>
    <trim prefix="values (" suffix=")" suffixOverrides="," >
      <if test="id != null" >
        #{id,jdbcType=INTEGER},
      </if>
      <if test="systime != null" >
        #{systime,jdbcType=TIMESTAMP},
      </if>
      <if test="statDt != null" >
        #{statDt,jdbcType=VARCHAR},
      </if>
      <if test="bookedBillId != null" >
        #{bookedBillId,jdbcType=VARCHAR},
      </if>
      <if test="fileType != null" >
        #{fileType,jdbcType=VARCHAR},
      </if>
      <if test="fileKind != null" >
        #{fileKind,jdbcType=VARCHAR},
      </if>
      <if test="fileName != null" >
        #{fileName,jdbcType=VARCHAR},
      </if>
      <if test="fileUrl != null" >
        #{fileUrl,jdbcType=VARCHAR},
      </if>
    </trim>
  </insert>
  <update id="updateByPrimaryKeySelective" parameterType="com.fmbank.wangdai.cqpoquery.domain.ReportCollectionOverdueEnclosureInfo" >
    <!--
      WARNING - @mbggenerated
      This element is automatically generated by MyBatis Generator, do not modify.
    -->
    update report_collection_overdue_enclosure_info
    <set >
      <if test="systime != null" >
        SYSTIME = #{systime,jdbcType=TIMESTAMP},
      </if>
      <if test="statDt != null" >
        STAT_DT = #{statDt,jdbcType=VARCHAR},
      </if>
      <if test="bookedBillId != null" >
        BOOKED_BILL_ID = #{bookedBillId,jdbcType=VARCHAR},
      </if>
      <if test="fileType != null" >
        FILE_TYPE = #{fileType,jdbcType=VARCHAR},
      </if>
      <if test="fileKind != null" >
        FILE_KIND = #{fileKind,jdbcType=VARCHAR},
      </if>
      <if test="fileName != null" >
        FILE_NAME = #{fileName,jdbcType=VARCHAR},
      </if>
      <if test="fileUrl != null" >
        FILE_URL = #{fileUrl,jdbcType=VARCHAR},
      </if>
    </set>
    where ID = #{id,jdbcType=INTEGER}
  </update>
  <update id="updateByPrimaryKey" parameterType="com.fmbank.wangdai.cqpoquery.domain.ReportCollectionOverdueEnclosureInfo" >
    <!--
      WARNING - @mbggenerated
      This element is automatically generated by MyBatis Generator, do not modify.
    -->
    update report_collection_overdue_enclosure_info
    set SYSTIME = #{systime,jdbcType=TIMESTAMP},
      STAT_DT = #{statDt,jdbcType=VARCHAR},
      BOOKED_BILL_ID = #{bookedBillId,jdbcType=VARCHAR},
      FILE_TYPE = #{fileType,jdbcType=VARCHAR},
      FILE_KIND = #{fileKind,jdbcType=VARCHAR},
      FILE_NAME = #{fileName,jdbcType=VARCHAR},
      FILE_URL = #{fileUrl,jdbcType=VARCHAR}
    where ID = #{id,jdbcType=INTEGER}
  </update>
</mapper>